{
  "tsn": {
    "4": {
      "accuracy": 0.14450867052023122,
      "f1_macro": 0.09983672058560346
    },
    "8": {
      "accuracy": 0.1416184971098266,
      "f1_macro": 0.09711636828644502
    },
    "16": {
      "accuracy": 0.13872832369942195,
      "f1_macro": 0.09339288955062464
    },
    "32": {
      "accuracy": 0.13872832369942195,
      "f1_macro": 0.09779967159277504
    }
  },
  "i3d": {
    "4": {
      "accuracy": 0.684971098265896,
      "f1_macro": 0.7127889798858209
    },
    "8": {
      "accuracy": 0.7658959537572254,
      "f1_macro": 0.7891499194338618
    },
    "16": {
      "accuracy": 0.7716763005780347,
      "f1_macro": 0.7951520241454185
    },
    "32": {
      "accuracy": 0.7803468208092486,
      "f1_macro": 0.805241081102994
    }
  },
  "r2plus1d": {
    "4": {
      "accuracy": 0.6127167630057804,
      "f1_macro": 0.6382947936955465
    },
    "8": {
      "accuracy": 0.6734104046242775,
      "f1_macro": 0.6940917704706312
    },
    "16": {
      "accuracy": 0.7572254335260116,
      "f1_macro": 0.7716553499131317
    },
    "32": {
      "accuracy": 0.7687861271676301,
      "f1_macro": 0.7878527151973412
    }
  }
}