{
  "accuracy": 0.7716763005780347,
  "precision_macro": 0.8247677754098287,
  "recall_macro": 0.7812696718472336,
  "f1_macro": 0.7951520241454185,
  "per_class": {
    "climb": {
      "precision": 0.9310344827586207,
      "recall": 0.84375,
      "f1": 0.8852459016393442
    },
    "draw_sword": {
      "precision": 0.9545454545454546,
      "recall": 0.6774193548387096,
      "f1": 0.7924528301886793
    },
    "fencing": {
      "precision": 0.8461538461538461,
      "recall": 0.6285714285714286,
      "f1": 0.7213114754098361
    },
    "golf": {
      "precision": 0.9117647058823529,
      "recall": 1.0,
      "f1": 0.9538461538461539
    },
    "pullup": {
      "precision": 1.0,
      "recall": 0.9354838709677419,
      "f1": 0.9666666666666667
    },
    "ride_bike": {
      "precision": 0.875,
      "recall": 0.9032258064516129,
      "f1": 0.8888888888888888
    },
    "run": {
      "precision": 0.4852941176470588,
      "recall": 0.7333333333333333,
      "f1": 0.584070796460177
    },
    "shoot_bow": {
      "precision": 0.9032258064516129,
      "recall": 0.8235294117647058,
      "f1": 0.8615384615384616
    },
    "walk": {
      "precision": 0.5714285714285714,
      "recall": 0.6222222222222222,
      "f1": 0.5957446808510638
    },
    "wave": {
      "precision": 0.7692307692307693,
      "recall": 0.6451612903225806,
      "f1": 0.7017543859649122
    }
  },
  "confusion_matrix": [
    [
      27,
      0,
      0,
      0,
      0,
      0,
      1,
      0,
      1,
      3
    ],
    [
      0,
      21,
      2,
      1,
      0,
      0,
      2,
      2,
      2,
      1
    ],
    [
      0,
      0,
      22,
      0,
      0,
      1,
      10,
      0,
      2,
      0
    ],
    [
      0,
      0,
      0,
      31,
      0,
      0,
      0,
      0,
      0,
      0
    ],
    [
      0,
      0,
      0,
      0,
      29,
      0,
      2,
      0,
      0,
      0
    ],
    [
      0,
      0,
      0,
      0,
      0,
      28,
      3,
      0,
      0,
      0
    ],
    [
      2,
      0,
      0,
      0,
      0,
      2,
      33,
      0,
      8,
      0
    ],
    [
      0,
      0,
      1,
      1,
      0,
      0,
      0,
      28,
      4,
      0
    ],
    [
      0,
      0,
      1,
      0,
      0,
      0,
      14,
      0,
      28,
      2
    ],
    [
      0,
      1,
      0,
      1,
      0,
      1,
      3,
      1,
      4,
      20
    ]
  ],
  "latency_s_per_clip": 0.10492913240004782,
  "fps": 152.48386824546648,
  "stability": 0.95,
  "mean_confidence": 0.4755395322693566,
  "params": 27244362,
  "size_mb": 104.13203430175781,
  "model": "i3d",
  "config": {
    "frames": 16,
    "img_size": 112
  }
}