{
  "accuracy": 0.7572254335260116,
  "precision_macro": 0.7895950119859856,
  "recall_macro": 0.7717954654980271,
  "f1_macro": 0.7716553499131317,
  "per_class": {
    "climb": {
      "precision": 0.896551724137931,
      "recall": 0.8125,
      "f1": 0.8524590163934426
    },
    "draw_sword": {
      "precision": 0.95,
      "recall": 0.6129032258064516,
      "f1": 0.7450980392156863
    },
    "fencing": {
      "precision": 0.8125,
      "recall": 0.7428571428571429,
      "f1": 0.7761194029850746
    },
    "golf": {
      "precision": 0.9090909090909091,
      "recall": 0.967741935483871,
      "f1": 0.9375
    },
    "pullup": {
      "precision": 0.9393939393939394,
      "recall": 1.0,
      "f1": 0.96875
    },
    "ride_bike": {
      "precision": 0.9393939393939394,
      "recall": 1.0,
      "f1": 0.96875
    },
    "run": {
      "precision": 0.5666666666666667,
      "recall": 0.37777777777777777,
      "f1": 0.4533333333333333
    },
    "shoot_bow": {
      "precision": 0.8235294117647058,
      "recall": 0.8235294117647058,
      "f1": 0.8235294117647058
    },
    "walk": {
      "precision": 0.5294117647058824,
      "recall": 0.8,
      "f1": 0.6371681415929203
    },
    "wave": {
      "precision": 0.5294117647058824,
      "recall": 0.5806451612903226,
      "f1": 0.5538461538461539
    }
  },
  "confusion_matrix": [
    [
      26,
      0,
      1,
      0,
      1,
      0,
      2,
      0,
      2,
      0
    ],
    [
      0,
      19,
      1,
      0,
      0,
      0,
      1,
      5,
      0,
      5
    ],
    [
      0,
      0,
      26,
      1,
      0,
      0,
      1,
      0,
      3,
      4
    ],
    [
      0,
      0,
      0,
      30,
      0,
      0,
      1,
      0,
      0,
      0
    ],
    [
      0,
      0,
      0,
      0,
      31,
      0,
      0,
      0,
      0,
      0
    ],
    [
      0,
      0,
      0,
      0,
      0,
      31,
      0,
      0,
      0,
      0
    ],
    [
      3,
      0,
      2,
      0,
      1,
      2,
      17,
      0,
      18,
      2
    ],
    [
      0,
      0,
      2,
      1,
      0,
      0,
      2,
      28,
      0,
      1
    ],
    [
      0,
      0,
      0,
      0,
      0,
      0,
      5,
      0,
      36,
      4
    ],
    [
      0,
      1,
      0,
      1,
      0,
      0,
      1,
      1,
      9,
      18
    ]
  ],
  "latency_s_per_clip": 0.10088052154999332,
  "fps": 158.60346233510387,
  "stability": 0.85,
  "mean_confidence": 0.44264732942932605,
  "params": 31305255,
  "size_mb": 119.51705551147461,
  "model": "r2plus1d",
  "config": {
    "frames": 16,
    "img_size": 112
  }
}