{
  "accuracy": 0.5144508670520231,
  "precision_macro": 0.5536007143749206,
  "recall_macro": 0.5200438239812054,
  "f1_macro": 0.5205463528632277,
  "per_class": {
    "climb": {
      "precision": 0.7058823529411765,
      "recall": 0.75,
      "f1": 0.7272727272727273
    },
    "draw_sword": {
      "precision": 0.6666666666666666,
      "recall": 0.3870967741935484,
      "f1": 0.4897959183673469
    },
    "fencing": {
      "precision": 0.42857142857142855,
      "recall": 0.2571428571428571,
      "f1": 0.32142857142857145
    },
    "golf": {
      "precision": 0.7073170731707317,
      "recall": 0.9354838709677419,
      "f1": 0.8055555555555556
    },
    "pullup": {
      "precision": 0.5,
      "recall": 0.5806451612903226,
      "f1": 0.5373134328358209
    },
    "ride_bike": {
      "precision": 0.6521739130434783,
      "recall": 0.4838709677419355,
      "f1": 0.5555555555555556
    },
    "run": {
      "precision": 0.3829787234042553,
      "recall": 0.4,
      "f1": 0.391304347826087
    },
    "shoot_bow": {
      "precision": 0.7586206896551724,
      "recall": 0.6470588235294118,
      "f1": 0.6984126984126984
    },
    "walk": {
      "precision": 0.2962962962962963,
      "recall": 0.5333333333333333,
      "f1": 0.38095238095238093
    },
    "wave": {
      "precision": 0.4375,
      "recall": 0.22580645161290322,
      "f1": 0.2978723404255319
    }
  },
  "confusion_matrix": [
    [
      24,
      0,
      0,
      1,
      0,
      1,
      1,
      0,
      5,
      0
    ],
    [
      0,
      12,
      2,
      2,
      3,
      1,
      1,
      1,
      7,
      2
    ],
    [
      2,
      1,
      9,
      1,
      2,
      1,
      4,
      0,
      13,
      2
    ],
    [
      0,
      0,
      0,
      29,
      2,
      0,
      0,
      0,
      0,
      0
    ],
    [
      2,
      1,
      0,
      0,
      18,
      0,
      3,
      3,
      4,
      0
    ],
    [
      3,
      0,
      4,
      4,
      1,
      15,
      1,
      1,
      2,
      0
    ],
    [
      2,
      0,
      2,
      0,
      1,
      3,
      18,
      1,
      16,
      2
    ],
    [
      1,
      1,
      0,
      2,
      2,
      0,
      3,
      22,
      2,
      1
    ],
    [
      0,
      2,
      1,
      1,
      1,
      1,
      13,
      0,
      24,
      2
    ],
    [
      0,
      1,
      3,
      1,
      6,
      1,
      3,
      1,
      8,
      7
    ]
  ],
  "latency_s_per_clip": 0.10928537139998298,
  "fps": 73.20284405421572,
  "stability": 0.8625,
  "mean_confidence": 0.26537386052353534,
  "params": 11181642,
  "size_mb": 42.69135284423828,
  "model": "tsm",
  "config": {
    "frames": 8,
    "img_size": 112
  }
}