{
  "accuracy": 0.523121387283237,
  "precision_macro": 0.5522798504777404,
  "recall_macro": 0.5355227628685884,
  "f1_macro": 0.5348746586771476,
  "per_class": {
    "climb": {
      "precision": 0.7428571428571429,
      "recall": 0.8125,
      "f1": 0.7761194029850746
    },
    "draw_sword": {
      "precision": 0.6666666666666666,
      "recall": 0.45161290322580644,
      "f1": 0.5384615384615384
    },
    "fencing": {
      "precision": 0.44,
      "recall": 0.3142857142857143,
      "f1": 0.36666666666666664
    },
    "golf": {
      "precision": 0.725,
      "recall": 0.9354838709677419,
      "f1": 0.8169014084507042
    },
    "pullup": {
      "precision": 0.5294117647058824,
      "recall": 0.5806451612903226,
      "f1": 0.5538461538461539
    },
    "ride_bike": {
      "precision": 0.8260869565217391,
      "recall": 0.6129032258064516,
      "f1": 0.7037037037037037
    },
    "run": {
      "precision": 0.2727272727272727,
      "recall": 0.26666666666666666,
      "f1": 0.2696629213483146
    },
    "shoot_bow": {
      "precision": 0.71875,
      "recall": 0.6764705882352942,
      "f1": 0.696969696969697
    },
    "walk": {
      "precision": 0.32857142857142857,
      "recall": 0.5111111111111111,
      "f1": 0.4
    },
    "wave": {
      "precision": 0.2727272727272727,
      "recall": 0.1935483870967742,
      "f1": 0.22641509433962265
    }
  },
  "confusion_matrix": [
    [
      26,
      0,
      0,
      1,
      1,
      0,
      1,
      1,
      2,
      0
    ],
    [
      1,
      14,
      4,
      1,
      3,
      0,
      1,
      0,
      3,
      4
    ],
    [
      3,
      2,
      11,
      1,
      0,
      2,
      6,
      0,
      7,
      3
    ],
    [
      0,
      0,
      0,
      29,
      1,
      0,
      1,
      0,
      0,
      0
    ],
    [
      1,
      0,
      1,
      1,
      18,
      0,
      4,
      2,
      3,
      1
    ],
    [
      1,
      0,
      2,
      1,
      2,
      19,
      1,
      3,
      2,
      0
    ],
    [
      0,
      2,
      2,
      3,
      1,
      1,
      12,
      2,
      20,
      2
    ],
    [
      1,
      0,
      0,
      1,
      3,
      0,
      3,
      23,
      3,
      0
    ],
    [
      1,
      1,
      1,
      1,
      0,
      1,
      11,
      0,
      23,
      6
    ],
    [
      1,
      2,
      4,
      1,
      5,
      0,
      4,
      1,
      7,
      6
    ]
  ],
  "latency_s_per_clip": 0.10071032865000688,
  "fps": 79.43574514389645,
  "stability": 0.9,
  "mean_confidence": 0.29499916185361114,
  "params": 11181642,
  "size_mb": 42.69135284423828,
  "model": "tsn",
  "config": {
    "frames": 8,
    "img_size": 112
  }
}