{
  "accuracy": 0.8757225433526011,
  "precision_macro": 0.8939421261225654,
  "recall_macro": 0.8920862888166019,
  "f1_macro": 0.8922175416325316,
  "per_class": {
    "climb": {
      "precision": 0.96875,
      "recall": 0.96875,
      "f1": 0.96875
    },
    "draw_sword": {
      "precision": 1.0,
      "recall": 0.9354838709677419,
      "f1": 0.9666666666666667
    },
    "fencing": {
      "precision": 0.868421052631579,
      "recall": 0.9428571428571428,
      "f1": 0.9041095890410958
    },
    "golf": {
      "precision": 0.96875,
      "recall": 1.0,
      "f1": 0.9841269841269841
    },
    "pullup": {
      "precision": 1.0,
      "recall": 1.0,
      "f1": 1.0
    },
    "ride_bike": {
      "precision": 1.0,
      "recall": 0.967741935483871,
      "f1": 0.9836065573770492
    },
    "run": {
      "precision": 0.7021276595744681,
      "recall": 0.7333333333333333,
      "f1": 0.717391304347826
    },
    "shoot_bow": {
      "precision": 1.0,
      "recall": 0.9117647058823529,
      "f1": 0.9538461538461539
    },
    "walk": {
      "precision": 0.6666666666666666,
      "recall": 0.6222222222222222,
      "f1": 0.6436781609195402
    },
    "wave": {
      "precision": 0.7647058823529411,
      "recall": 0.8387096774193549,
      "f1": 0.8
    }
  },
  "confusion_matrix": [
    [
      31,
      0,
      0,
      0,
      0,
      0,
      1,
      0,
      0,
      0
    ],
    [
      0,
      29,
      1,
      0,
      0,
      0,
      0,
      0,
      0,
      1
    ],
    [
      0,
      0,
      33,
      0,
      0,
      0,
      1,
      0,
      1,
      0
    ],
    [
      0,
      0,
      0,
      31,
      0,
      0,
      0,
      0,
      0,
      0
    ],
    [
      0,
      0,
      0,
      0,
      31,
      0,
      0,
      0,
      0,
      0
    ],
    [
      0,
      0,
      0,
      0,
      0,
      30,
      0,
      0,
      1,
      0
    ],
    [
      0,
      0,
      3,
      0,
      0,
      0,
      33,
      0,
      8,
      1
    ],
    [
      0,
      0,
      0,
      1,
      0,
      0,
      0,
      31,
      1,
      1
    ],
    [
      0,
      0,
      0,
      0,
      0,
      0,
      12,
      0,
      28,
      5
    ],
    [
      1,
      0,
      1,
      0,
      0,
      0,
      0,
      0,
      3,
      26
    ]
  ],
  "latency_s_per_clip": 0.1827679689999968,
  "fps": 87.54269190352649,
  "stability": 1.0,
  "mean_confidence": 0.6643006908411235,
  "params": 86234890,
  "size_mb": 328.95999908447266,
  "model": "videomae",
  "config": {
    "frames": 16,
    "img_size": 224
  }
}